d(h),variationRate,meanB[mT]
0.5775,0.10131,646.0
0.5776,0.10113,645.9
0.5777,0.10095,645.9
0.5778,0.10076,645.8
