varRateX[%],varRateY[%],varRateZ[%],meanBx[mT],meanBy[mT],meanBz[mT]
334.81108021713663,337.609820285635,0.2963872124373426,0.0021278535136409365,0.010163904297621974,13.887052989672538
