varRateX[%],varRateY[%],varRateZ[%],meanBx[mT],meanBy[mT],meanBz[mT]
391.3741973449494,199.8642031833641,8.37656307267856,0.002008736445900271,0.20175654380614502,9.155593930765297
