varRateX[%],varRateY[%],varRateZ[%],meanBx[mT],meanBy[mT],meanBz[mT]
325.8283518980158,326.8203824292324,0.581093217250324,0.002412827519803541,0.023847556870932502,14.730202101305771
