varRateX[%],varRateY[%],varRateZ[%],meanBx[mT],meanBy[mT],meanBz[mT]
371.32586875318333,435.2685048260061,12.54800088507019,0.04586165138967172,0.4713928369769277,14.757069830165028
