varRateX[%],varRateY[%],varRateZ[%],meanBx[mT],meanBy[mT],meanBz[mT]
382.4951792544346,528.1588013607815,9.391143463427241,0.04043600918036131,0.21121608715627024,13.930846114699547
