varRateX[%],varRateY[%],varRateZ[%],meanBx[mT],meanBy[mT],meanBz[mT]
390.10554598810506,279.1638695135437,55.0863178423308,0.04365387193250708,0.8540781716890405,9.3042672104273
