varRateX[%],varRateY[%],varRateZ[%],meanBx[mT],meanBy[mT],meanBz[mT]
351.51897279212903,268.64844085467473,55.644576952913994,0.04844579912560215,0.8875084721029247,9.170296949728113
