varRateX[%],varRateY[%],varRateZ[%],meanBx[mT],meanBy[mT],meanBz[mT]
411.3721311401662,378.6990795948966,124.68633859405244,0.10463640258312645,1.456835937996892,9.211711418768795
