varRateX[%],varRateY[%],varRateZ[%],meanBx[mT],meanBy[mT],meanBz[mT]
372.42291620384134,498.4492856693417,218.18423881489193,0.05566540276064586,0.9979939314794868,11.15565651023699
