varRateX[%],varRateY[%],varRateZ[%],meanBx[mT],meanBy[mT],meanBz[mT]
398.7067189648076,220.52220927552625,17.637654472992818,0.007211458240862206,0.381779627554119,9.155933851191715
