varRateX[%],varRateY[%],varRateZ[%],meanBx[mT],meanBy[mT],meanBz[mT]
365.1204032345255,212.16502666648483,17.64704250286181,0.007874818353771738,0.3967356006032712,9.155793875815077
