varRateX[%],varRateY[%],varRateZ[%],meanBx[mT],meanBy[mT],meanBz[mT]
428.8077380711791,228.41247624887205,17.637756110790082,0.006705235467762527,0.3685914548419404,9.15588109000471
