varRateX[%],varRateY[%],varRateZ[%],meanBx[mT],meanBy[mT],meanBz[mT]
365.12040318359357,212.17540345989536,17.63751022222437,0.007874818358808962,0.39679852401239984,9.156008734237977
