varRateX[%],varRateY[%],varRateZ[%],meanBx[mT],meanBy[mT],meanBz[mT]
431.58735121751573,229.1276039698852,17.63776405855352,0.006662050790077006,0.36744104798340804,9.155876964267643
