varRateX[%],varRateY[%],varRateZ[%],meanBx[mT],meanBy[mT],meanBz[mT]
410.2450838990394,223.66246832086802,17.637698250858882,0.007008632076316334,0.376419376736203,9.155911125593391
